split,coverage,averageLength,standardDeviation
train,100.0,10.99633590583278,3.16099347770111
valid,99.03884661593912,9.281324309493323,2.9982411529662922
