split,coverage,averageLength,standardDeviation
train,96.93821236752281,10.99633590583278,3.16099347770111
valid,95.46126406653397,9.281324309493323,2.9982411529662922
